Collision altitude [m],#Fragments [-],T_0 [days],SC Altitude Offset [m],Target Fraction [-],FoV [deg],Range [m],Incidence Angle [deg],Ablation Time [s],Scan Time [s],Cooldown Time [s],Fluence [J/m^2],Removal Altitude [m],Time Required [days],Fraction removed [-]
789000.0,100000.0,5.0,30000.0,0.5,38.43999999999999,300000.0,20.0,70.0,5.0,70.0,8500.0,340000.0,79.29635416666666,0.5000216534580573
789000.0,100000.0,5.0,30000.0,0.5,38.43999999999999,300000.0,20.0,60.0,5.0,70.0,8500.0,340000.0,71.72332175925926,0.5000216534580573
789000.0,100000.0,5.0,30000.0,0.5,38.43999999999999,300000.0,20.0,50.0,5.0,70.0,8500.0,340000.0,70.0625,0.5000216534580573
789000.0,100000.0,5.0,30000.0,0.5,38.43999999999999,300000.0,20.0,40.0,5.0,70.0,8500.0,340000.0,77.02633101851852,0.5000216534580573
789000.0,100000.0,5.0,30000.0,0.5,38.43999999999999,300000.0,20.0,30.0,5.0,70.0,8500.0,340000.0,580.7763888888888,0.5000216534580573
